time,latitude,longitude,depth,mag,magType,nst,gap,dmin,rms,net,id,updated,place,type,horizontalError,depthError,magError,magNst,status,locationSource,magSource
2017-04-14T01:31:07.180Z,37.2868333,-121.6563333,7.1,2.92,ml,156,34,0.0558,0.12,nc,nc72788461,2017-04-17T19:38:53.506Z,"16km E of Seven Trees, California",earthquake,0.1,0.21,0.142,45,reviewed,nc,nc
2017-04-12T14:10:49.500Z,37.1718333,-122.4418333,9.38,2.61,md,127,196,0.08051,0.17,nc,nc72787841,2017-04-14T16:33:03.322Z,"28km W of Boulder Creek, California",earthquake,0.44,0.31,0.162,87,reviewed,nc,nc
2017-04-04T12:14:09.790Z,37.4198333,-121.7631667,8.53,2.82,md,188,53,0.04248,0.13,nc,nc72784361,2017-04-07T01:49:27.044Z,"6km NE of East Foothills, California",earthquake,0.1,0.27,0.157,109,reviewed,nc,nc
2017-03-16T16:15:09.200Z,36.936,-121.6806667,10.95,2.98,md,74,54,0.06457,0.13,nc,nc72776526,2017-04-22T13:21:44.040Z,"5km ESE of Interlaken, California",earthquake,0.17,0.34,0.174,122,reviewed,nc,nc
2017-03-13T19:25:50.840Z,37.6366667,-121.6906667,4.57,2.79,md,107,43,0.05461,0.18,nc,nc72774871,2017-03-16T16:26:57.172Z,"8km SE of Livermore, California",earthquake,0.14,0.32,0.151,97,reviewed,nc,nc
2017-03-02T14:27:55.360Z,37.2575,-121.6365,6.39,2.89,md,105,31,0.08413,0.07,nc,nc72769771,2017-03-06T10:58:44.772Z,"14km N of Morgan Hill, California",earthquake,0.1,0.24,0.168,101,reviewed,nc,nc
2017-02-26T14:58:40.100Z,36.959,-121.5756667,4.46,3.6,mw,148,44,0.01487,0.19,nc,nc72768191,2017-04-19T17:56:11.485Z,"5km S of Gilroy, California",earthquake,0.11,0.23,,3,reviewed,nc,nc
2017-02-25T17:53:28.830Z,37.3906667,-121.7381667,7.83,2.64,md,144,57,0.03022,0.13,nc,nc72767851,2017-03-01T02:49:03.008Z,"7km E of East Foothills, California",earthquake,0.11,0.29,0.169,104,reviewed,nc,nc
2017-02-18T20:43:48.460Z,37.3395,-121.6911667,10.04,2.83,md,143,52,0.03879,0.18,nc,nc72765376,2017-02-23T07:24:16.765Z,"12km ESE of Alum Rock, California",earthquake,0.16,0.31,0.184,82,reviewed,nc,nc
2016-11-28T15:36:26.070Z,37.6281667,-122.4713333,7.67,2.86,md,176,69,0.009009,0.09,nc,nc72730350,2017-02-11T08:33:40.580Z,"2km NE of Pacifica, California",earthquake,0.09,0.12,0.17,89,reviewed,nc,nc
2016-10-28T06:29:24.220Z,37.094,-122.2718333,13.06,2.53,md,120,167,0.1387,0.16,nc,nc72717065,2017-02-11T05:11:15.140Z,"12km WNW of Bonny Doon, California",earthquake,0.26,0.36,0.153,100,reviewed,nc,nc
2016-10-20T14:35:06.020Z,37.2781667,-121.6548333,6.29,2.55,md,102,28,0.02432,0.05,nc,nc72715021,2017-02-11T04:17:31.130Z,"16km N of Morgan Hill, California",earthquake,0.07,0.15,0.175,107,reviewed,nc,nc
2016-09-28T15:26:51.370Z,37.3363333,-121.6953333,8.13,3.25,mw,150,40,0.04234,0.11,nc,nc72703906,2017-02-11T01:55:59.760Z,"11km ESE of East Foothills, California",earthquake,0.1,0.18,,4,reviewed,nc,nc
2016-09-13T07:50:22.080Z,37.8046667,-122.1975,4.02,3.54,mw,236,12,0.00991,0.14,nc,nc72694726,2017-03-18T00:03:12.702Z,"3km SE of Piedmont, California",earthquake,0.08,0.13,,5,reviewed,nc,nc
2016-06-04T13:04:18.520Z,37.2076667,-122.1655,12.99,3.35,mw,223,137,0.1117,0.19,nc,nc72645676,2017-02-10T13:18:51.560Z,"9km NNW of Boulder Creek, California",earthquake,0.17,0.26,,4,reviewed,nc,nc
2016-05-30T17:29:26.090Z,37.5865,-121.9731667,8.79,2.62,md,128,21,0.01892,0.13,nc,nc72643411,2017-02-10T12:51:23.110Z,"4km NNE of Fremont, California",earthquake,0.1,0.23,0.163,99,reviewed,nc,nc
2016-05-26T00:27:41.360Z,37.4543333,-121.775,6.8,2.78,md,155,60,0.02072,0.08,nc,nc72641981,2017-02-10T12:28:57.880Z,"8km NNE of East Foothills, California",earthquake,0.09,0.15,0.125,133,reviewed,nc,nc
2016-04-29T21:19:34.240Z,37.7275,-122.1318333,4.38,2.92,md,87,19,0.01081,0.1,nc,nc72628730,2017-02-10T09:44:30.960Z,"2km E of San Leandro, California",earthquake,0.1,0.21,0.174,115,reviewed,nc,nc
2016-04-26T04:32:46.180Z,37.4005,-121.7901667,1.97,2.67,md,108,39,0.03243,0.08,nc,nc72627425,2017-02-10T09:24:26.270Z,"3km NE of East Foothills, California",earthquake,0.09,0.24,0.186,95,reviewed,nc,nc
2016-04-11T09:12:51.010Z,37.2605,-121.6368333,6.4,2.51,md,117,57,0.02883,0.09,nc,nc72620690,2017-02-10T07:48:30.770Z,"14km N of Morgan Hill, California",earthquake,0.09,0.17,0.163,111,reviewed,nc,nc
2016-03-31T07:44:22.800Z,37.4733333,-121.7768333,9.54,2.81,md,176,66,0.02973,0.14,nc,nc72615180,2017-02-10T06:31:40.260Z,"10km NNE of East Foothills, California",earthquake,0.12,0.29,0.128,112,reviewed,nc,nc
2016-03-30T03:51:10.750Z,37.346,-121.695,9.68,3.05,ml,175,41,0.04234,0.15,nc,nc72614655,2017-02-10T06:21:36.560Z,"11km E of Alum Rock, California",earthquake,0.12,0.19,0.149,53,reviewed,nc,nc
2016-03-30T03:23:09.230Z,37.3505,-121.7028333,9.76,2.55,md,135,40,0.04865,0.15,nc,nc72614610,2017-02-10T06:20:21.670Z,"10km ESE of East Foothills, California",earthquake,0.14,0.29,0.211,95,reviewed,nc,nc
2016-03-10T03:38:42.010Z,37.6431667,-121.6811667,1.38,2.95,md,111,67,0.05935,0.15,nc,nc72604670,2017-02-15T04:07:20.330Z,"9km ESE of Livermore, California",earthquake,0.12,0.3,0.19,125,reviewed,nc,nc
2016-02-23T02:45:29.390Z,37.3528333,-122.21,9.72,2.9,mh,13,142,0.00991,0.03,nc,nc72596060,2017-02-10T00:59:56.862Z,"4km SSE of Portola Valley, California",earthquake,0.46,0.44,,0,reviewed,nc,nc
2016-01-29T11:09:55.850Z,37.7791667,-121.9671667,8.43,2.93,md,84,52,0.00991,0.12,nc,nc72586041,2017-02-09T21:22:14.940Z,"0km E of San Ramon, California",earthquake,0.13,0.22,0.16,66,reviewed,nc,nc
2016-01-05T14:37:05.620Z,37.388,-121.7381667,7.26,2.8,md,114,33,0.02883,0.09,nc,nc72573895,2017-02-09T18:34:59.070Z,"7km E of East Foothills, California",earthquake,0.09,0.27,0.169,109,reviewed,nc,nc
2015-12-19T08:34:52.890Z,37.7748333,-121.9683333,8.47,2.99,md,131,50,0.01441,0.12,nc,nc72569541,2017-02-08T22:03:58.850Z,"1km ESE of San Ramon, California",earthquake,0.11,0.18,0.131,123,reviewed,nc,nc
2015-11-29T20:23:25.900Z,36.9575,-121.5761667,7.81,2.76,md,97,20,0.06216,0.17,nc,nc72562161,2017-02-08T19:23:19.320Z,"5km S of Gilroy, California",earthquake,0.15,0.42,0.166,134,reviewed,nc,nc
2015-11-19T18:28:09.790Z,36.9835,-121.6348333,7.97,2.82,md,79,31,0.05766,0.08,nc,nc72557706,2017-02-08T18:04:57.060Z,"6km WSW of Gilroy, California",earthquake,0.11,0.38,0.163,116,reviewed,nc,nc
2015-11-10T06:53:24.850Z,37.396,-121.7825,1.51,2.61,md,114,37,0.02523,0.11,nc,nc72553641,2017-02-08T16:58:31.890Z,"3km ENE of East Foothills, California",earthquake,0.09,0.35,0.152,111,reviewed,nc,nc
2015-11-08T12:15:23.780Z,37.7803333,-121.9595,9.33,2.72,md,128,53,0.01261,0.14,nc,nc72550025,2017-02-08T16:43:02.460Z,"1km E of San Ramon, California",earthquake,0.12,0.19,0.155,105,reviewed,nc,nc
2015-11-04T22:54:54.470Z,37.7781667,-121.9638333,9.24,3.1,mw,119,52,0.01261,0.11,nc,nc72548525,2017-02-08T16:20:31.920Z,"1km E of San Ramon, California",earthquake,0.11,0.15,,4,reviewed,nc,nc
2015-11-01T06:38:35.920Z,37.782,-121.965,7.31,2.96,ml,139,53,0.008108,0.16,nc,nc72547150,2017-02-08T15:57:08.520Z,"1km ENE of San Ramon, California",earthquake,0.11,0.15,0.173,60,reviewed,nc,nc
2015-11-01T06:32:23.830Z,37.7838333,-121.9593333,6.55,2.88,md,135,54,0.01081,0.22,nc,nc72547145,2017-02-08T15:56:53.500Z,"1km ENE of San Ramon, California",earthquake,0.13,0.19,0.214,140,reviewed,nc,nc
2015-10-29T12:41:10.940Z,37.776,-121.9641667,9.04,2.55,md,102,51,0.01441,0.1,nc,nc72545705,2017-02-08T15:41:46.550Z,"1km ESE of San Ramon, California",earthquake,0.11,0.2,0.168,78,reviewed,nc,nc
2015-10-28T03:11:04.500Z,37.7758333,-121.9638333,5.25,2.55,md,48,112,0.01441,0.16,nc,nc72545075,2017-02-08T15:30:00.410Z,"1km ESE of San Ramon, California",earthquake,0.3,0.19,0.16,46,reviewed,nc,nc
2015-10-28T00:07:33.410Z,37.7775,-121.9635,8.98,3.13,ml,118,52,0.01261,0.09,nc,nc72545010,2017-02-08T15:28:31.020Z,"1km ESE of San Ramon, California",earthquake,0.1,0.16,0.17,66,reviewed,nc,nc
2015-10-27T09:36:43.740Z,37.7991667,-121.9748333,8.87,2.84,md,148,56,0.007207,0.14,nc,nc72544645,2017-02-08T15:23:31.100Z,"2km N of San Ramon, California",earthquake,0.11,0.14,0.135,131,reviewed,nc,nc
2015-10-27T09:06:55.420Z,37.7991667,-121.9695,8.86,2.94,md,134,57,0.00991,0.14,nc,nc72544620,2017-02-08T15:23:11.350Z,"2km NNE of San Ramon, California",earthquake,0.13,0.16,0.143,103,reviewed,nc,nc
2015-10-27T08:46:11.100Z,37.8001667,-121.9685,9.2,2.98,ml,153,59,0.01081,0.14,nc,nc72544610,2017-02-08T15:22:43.610Z,"2km NNE of San Ramon, California",earthquake,0.11,0.15,0.176,59,reviewed,nc,nc
2015-10-27T05:19:57.280Z,37.7838333,-121.9653333,5.67,2.67,md,98,54,0.007207,0.15,nc,nc72544565,2017-02-08T15:21:49.930Z,"1km ENE of San Ramon, California",earthquake,0.13,0.18,0.168,87,reviewed,nc,nc
2015-10-26T18:33:58.510Z,37.7831667,-121.9611667,5.53,2.64,md,66,54,0.00991,0.12,nc,nc72544410,2017-02-08T15:18:46.940Z,"1km ENE of San Ramon, California",earthquake,0.13,0.17,0.21,69,reviewed,nc,nc
2015-10-26T09:48:01.630Z,37.7983333,-121.9653333,8.16,2.69,md,101,58,0.01081,0.1,nc,nc72544180,2017-02-08T15:15:03.980Z,"2km NNE of San Ramon, California",earthquake,0.1,0.13,0.124,84,reviewed,nc,nc
2015-10-26T05:13:59.120Z,37.781,-121.9653333,6.9,2.89,md,107,53,0.009009,0.17,nc,nc72544095,2017-02-08T15:13:46.500Z,"1km E of San Ramon, California",earthquake,0.12,0.16,0.234,90,reviewed,nc,nc
2015-10-25T06:26:23.320Z,37.7845,-121.9745,10.12,2.62,md,122,56,0.005405,0.16,nc,nc72543370,2017-02-08T15:07:01.480Z,"0km NNE of San Ramon, California",earthquake,0.17,0.23,0.183,103,reviewed,nc,nc
2015-10-24T07:44:07.040Z,37.7831667,-121.9691667,9.6,3.02,ml,157,30,0.006306,0.21,nc,nc72542920,2017-02-08T15:00:09.640Z,"0km ENE of San Ramon, California",earthquake,0.16,0.22,0.182,33,reviewed,nc,nc
2015-10-24T07:43:46.260Z,37.781,-121.9668333,9.24,3.21,mw,166,53,0.009009,0.16,nc,nc72542915,2017-02-08T14:59:56.350Z,"0km E of San Ramon, California",earthquake,0.12,0.18,,4,reviewed,nc,nc
2015-10-23T13:48:24.590Z,37.7825,-121.9655,8.7,3.23,mw,133,53,0.008108,0.12,nc,nc72542520,2017-02-08T14:54:09.170Z,"1km ENE of San Ramon, California",earthquake,0.11,0.17,,4,reviewed,nc,nc
2015-10-23T09:55:25.020Z,37.7801667,-121.9595,6.64,2.76,md,92,53,0.01261,0.14,nc,nc72542470,2017-02-08T14:52:50.020Z,"1km E of San Ramon, California",earthquake,0.14,0.15,0.164,56,reviewed,nc,nc
2015-10-20T04:33:52.850Z,37.791,-121.9685,6.45,2.79,md,90,55,0.002703,0.15,nc,nc72541095,2017-02-08T14:29:45.400Z,"1km NE of San Ramon, California",earthquake,0.13,0.15,0.105,58,reviewed,nc,nc
2015-10-20T04:33:04.380Z,37.7955,-121.979,5.87,2.84,md,95,47,0.001802,0.24,nc,nc72541090,2017-02-08T14:29:33.370Z,"1km N of San Ramon, California",earthquake,0.14,0.18,0.195,75,reviewed,nc,nc
2015-10-20T00:44:25.740Z,37.7861667,-121.9628333,6.54,2.5,md,83,55,0.007207,0.1,nc,nc72540930,2017-02-08T14:26:01.890Z,"1km ENE of San Ramon, California",earthquake,0.11,0.14,0.159,68,reviewed,nc,nc
2015-10-19T23:21:17.680Z,37.7918333,-121.9635,7.4,3.6,mw,161,56,0.007207,0.15,nc,nc72540765,2017-03-17T23:41:38.373Z,"1km NE of San Ramon, California",earthquake,0.1,0.1,,5,reviewed,nc,nc
2015-10-19T23:02:30.060Z,37.7856667,-121.9645,8.05,2.74,md,89,55,0.006306,0.16,nc,nc72540745,2017-02-08T14:20:06.840Z,"1km ENE of San Ramon, California",earthquake,0.16,0.22,0.177,68,reviewed,nc,nc
2015-10-18T22:31:28.150Z,37.7898333,-121.9643333,8.62,3.26,mw,131,55,0.005405,0.14,nc,nc72540130,2017-02-08T14:07:19.770Z,"1km NE of San Ramon, California",earthquake,0.11,0.16,,4,reviewed,nc,nc
2015-10-18T19:25:38.450Z,37.7856667,-121.962,9.12,2.63,md,94,54,0.008108,0.13,nc,nc72539965,2017-02-08T14:04:23.570Z,"1km ENE of San Ramon, California",earthquake,0.13,0.21,0.173,78,reviewed,nc,nc
2015-10-17T21:45:14.450Z,37.7818333,-121.9653333,6.11,2.63,md,39,151,0.008108,0.13,nc,nc72539315,2017-02-08T13:48:29.040Z,"1km E of San Ramon, California",earthquake,0.32,0.31,0.096,14,reviewed,nc,nc
2015-10-17T21:45:05.630Z,37.7805,-121.9625,6.32,2.54,md,63,53,0.01081,0.12,nc,nc72539310,2017-02-08T13:48:11.730Z,"1km E of San Ramon, California",earthquake,0.16,0.12,0.295,51,reviewed,nc,nc
2015-10-15T13:10:20.920Z,37.7861667,-121.9643333,8.52,3.36,mw,159,39,0.006306,0.14,nc,nc72537675,2017-02-08T13:25:26.450Z,"1km ENE of San Ramon, California",earthquake,0.1,0.14,,4,reviewed,nc,nc
2015-10-14T22:44:54.260Z,37.7903333,-121.969,9.45,2.56,md,98,55,0.002703,0.13,nc,nc72537010,2017-02-08T13:20:41.220Z,"1km NE of San Ramon, California",earthquake,0.16,0.23,0.165,62,reviewed,nc,nc
2015-10-14T15:14:04.350Z,37.7881667,-121.9643333,8.34,2.95,md,114,55,0.005405,0.13,nc,nc72536780,2017-02-08T13:16:41.170Z,"1km NE of San Ramon, California",earthquake,0.11,0.13,0.219,100,reviewed,nc,nc
2015-10-14T10:58:41.190Z,37.7853333,-121.9636667,7.96,3.08,mw,119,54,0.007207,0.1,nc,nc72536565,2017-02-08T13:13:35.370Z,"1km ENE of San Ramon, California",earthquake,0.1,0.14,,3,reviewed,nc,nc
2015-10-14T10:22:42.530Z,37.783,-121.9656667,7.7,2.59,md,85,53,0.007207,0.12,nc,nc72536530,2017-02-08T13:12:44.970Z,"1km ENE of San Ramon, California",earthquake,0.13,0.18,0.17,87,reviewed,nc,nc
2015-09-24T19:46:28.700Z,37.3278333,-122.1006667,-0.308,2.9,mh,9,88,0.009009,0.03,nc,nc72529141,2017-02-08T12:01:14.732Z,"11km E of Quarry near Portola Valley, CA",quarry blast,0.3,31.61,,0,reviewed,nc,nc
2015-08-30T12:11:17.430Z,37.6486667,-122.0606667,6.985,2.61,md,179,31,0.009009,0.16,nc,nc72515806,2017-02-08T09:38:01.850Z,"2km SE of Hayward, California",earthquake,0.09,0.17,0.147,107,reviewed,nc,nc
2015-08-09T20:26:10.620Z,37.7861667,-122.5913333,10.36,3.12,ml,195,89,0.06486,0.1,nc,nc72503636,2017-02-08T07:14:39.660Z,"11km SSW of Tamalpais-Homestead Valley, California",earthquake,0.11,0.23,0.21,69,reviewed,nc,nc
2015-08-01T11:52:42.950Z,37.7356667,-122.1338333,7.86,2.63,md,179,17,0.03063,0.13,nc,nc72498746,2017-02-08T06:17:26.780Z,"2km ENE of San Leandro, California",earthquake,0.1,0.18,0.145,129,reviewed,nc,nc
2015-07-29T23:07:32.780Z,37.3136667,-121.6735,10.13,3.22,ml,160,36,,0.14,nc,nc72496776,2017-02-08T05:56:39.770Z,"14km ESE of Alum Rock, California",earthquake,0.11,0.23,0.177,60,reviewed,nc,nc
2015-07-24T17:31:15.260Z,37.1796667,-121.5833333,3.293,2.54,md,90,40,0.03784,0.05,nc,nc72493591,2017-02-08T05:24:30.310Z,"8km NE of Morgan Hill, California",earthquake,0.08,0.25,0.154,117,reviewed,nc,nc
2015-07-21T10:07:40.150Z,37.5791667,-121.9725,8.47,2.66,md,184,23,0.01532,0.15,nc,nc72490876,2017-02-08T04:55:19.080Z,"3km NNE of Fremont, California",earthquake,0.09,0.19,0.136,124,reviewed,nc,nc
2015-07-21T09:56:05.760Z,37.5783333,-121.973,8.17,2.7,md,187,23,0.01532,0.12,nc,nc72490851,2017-02-08T04:54:38.330Z,"3km NNE of Fremont, California",earthquake,0.08,0.17,0.123,124,reviewed,nc,nc
2015-07-21T09:41:14.480Z,37.5776667,-121.974,8.37,3.98,mw,282,16,0.009009,0.17,nc,nc72490826,2017-03-17T23:37:58.288Z,"3km NNE of Fremont, California",earthquake,0.08,0.12,,4,reviewed,nc,nc
2015-04-02T07:06:03.870Z,37.792,-121.9868333,9.89,3.61,mw,232,45,0.006306,0.14,nc,nc72424876,2017-03-17T23:33:26.055Z,"1km NNW of San Ramon, California",earthquake,0.09,0.12,,6,reviewed,nc,nc
2015-04-02T06:46:18.920Z,37.106,-121.8233333,3.64,2.62,md,137,26,0.00991,0.15,nc,nc72424866,2017-02-07T13:05:02.940Z,"8km NNE of Day Valley, California",earthquake,0.11,0.21,0.168,120,reviewed,nc,nc
2015-03-23T16:27:39.900Z,37.2515,-121.9896667,6.11,2.92,md,170,33,0.01982,0.19,nc,nc72416290,2017-02-07T11:41:54.220Z,"1km N of Monte Sereno, California",earthquake,0.11,0.18,0.155,178,reviewed,nc,nc
2015-03-23T15:47:31.470Z,37.2583333,-121.6386667,6.318,2.63,md,104,68,0.02703,0.07,nc,nc72416265,2017-02-07T11:41:23.120Z,"14km N of Morgan Hill, California",earthquake,0.08,0.17,0.16,110,reviewed,nc,nc
2015-03-10T17:07:23.640Z,37.7466667,-122.1441667,4.677,3.04,mw,102,18,0.03784,0.11,nc,nc72408845,2017-02-07T09:50:49.800Z,"2km NNE of San Leandro, California",earthquake,0.09,0.19,,5,reviewed,nc,nc
2015-02-09T02:29:45.770Z,37.6695,-122.0773333,4.723,2.51,md,79,36,0.02793,0.12,nc,nc72393586,2017-02-07T04:58:25.500Z,"0km ENE of Hayward, California",earthquake,0.11,0.2,0.163,85,reviewed,nc,nc
2015-02-06T11:44:24.540Z,37.4548333,-122.2563333,5.216,2.9,ml,100,42,0.004505,0.1,nc,nc72392646,2017-02-07T04:34:23.040Z,"1km SE of Emerald Lake Hills, California",earthquake,0.1,0.11,0.162,50,reviewed,nc,nc
2015-01-31T01:23:36.260Z,37.7525,-122.5533333,7.968,2.64,md,89,96,0.07568,0.04,nc,nc72389391,2017-02-07T03:42:16.390Z,"9km WNW of Daly City, California",earthquake,0.12,0.26,0.145,98,reviewed,nc,nc
2014-12-18T12:32:00.490Z,37.7923333,-121.9843333,9.71,2.52,md,66,52,0.06667,0.08,nc,nc72366381,2017-02-05T10:11:15.580Z,"1km NNW of San Ramon, California",earthquake,0.11,0.18,0.128,85,reviewed,nc,nc
2014-12-07T00:42:01.330Z,37.1616667,-121.5648333,2.537,2.65,md,82,76,0.04955,0.09,nc,nc72361336,2017-02-05T08:44:47.000Z,"8km ENE of Morgan Hill, California",earthquake,0.12,0.37,0.146,111,reviewed,nc,nc
2014-12-04T19:28:37.750Z,37.1075,-121.8128333,3.598,3.19,mw,109,33,0.01712,0.13,nc,nc72360116,2017-02-05T08:22:28.320Z,"9km NNE of Day Valley, California",earthquake,0.11,0.2,,3,reviewed,nc,nc
2014-11-22T21:03:35.850Z,37.3973333,-121.7451667,9.591,2.57,md,100,33,0.03063,0.05,nc,nc72352116,2017-02-05T05:56:38.800Z,"6km ENE of East Foothills, California",earthquake,0.08,0.2,0.138,125,reviewed,nc,nc
2014-11-08T11:13:27.570Z,37.2951667,-122.0833333,9.883,2.84,md,95,47,0.04324,0.11,nc,nc72337440,2017-02-05T02:51:35.180Z,"5km SW of Cupertino, California",earthquake,0.13,0.26,0.103,146,reviewed,nc,nc
2014-10-26T19:45:02.260Z,36.9606667,-121.5936667,4.695,2.54,md,83,24,0.009009,0.11,nc,nc72333586,2017-02-05T01:02:01.250Z,"5km SSW of Gilroy, California",earthquake,0.12,0.27,0.112,122,reviewed,nc,nc
2014-10-18T15:16:46.150Z,37.3743333,-121.7338333,6.101,2.61,md,91,35,0.02793,0.05,nc,nc72329676,2017-02-05T00:01:51.490Z,"7km E of East Foothills, California",earthquake,0.08,0.22,0.119,128,reviewed,nc,nc
2014-10-04T00:14:43.810Z,37.6838333,-121.7293333,2.996,2.99,md,73,107,0.06577,0.1,nc,nc72320181,2017-02-04T21:18:06.130Z,"3km E of Livermore, California",earthquake,0.11,0.22,0.185,152,reviewed,nc,nc
2014-09-30T22:34:04.610Z,37.4691667,-121.7785,6.381,2.64,md,87,68,0.0964,0.05,nc,nc72318071,2017-02-04T20:43:07.260Z,"10km NNE of East Foothills, California",earthquake,0.1,0.4,0.145,103,reviewed,nc,nc
2014-09-06T07:19:14.150Z,37.5811667,-121.9813333,7.58,2.68,md,71,31,0.00991,0.17,nc,nc72292671,2017-02-04T13:44:08.050Z,"3km N of Fremont, California",earthquake,0.15,0.25,0.128,20,reviewed,nc,nc
2014-09-04T03:24:02.240Z,37.4028333,-122.2031667,4.74,2.91,md,178,31,0.01532,0.11,nc,nc72290996,2017-02-04T13:26:50.770Z,"0km NW of Ladera, California",earthquake,0.07,0.11,0.131,157,reviewed,nc,nc
2014-08-11T22:32:57.920Z,36.9785,-121.6268333,3.76,2.59,md,75,36,0.04054,0.08,nc,nc72272175,2017-02-04T09:49:31.880Z,"6km WSW of Gilroy, California",earthquake,0.1,0.27,0.165,105,reviewed,nc,nc
2014-08-09T00:34:46.770Z,36.9596667,-121.5851667,7.39,2.93,md,83,24,0.003604,0.12,nc,nc72270580,2017-02-04T09:28:36.320Z,"5km SSW of Gilroy, California",earthquake,0.14,0.43,0.114,103,reviewed,nc,nc
2014-08-06T23:11:07.740Z,37.1276667,-121.5283333,7.085,2.64,md,89,60,0.01532,0.05,nc,nc72269440,2017-02-04T09:15:08.130Z,"8km ENE of San Martin, California",earthquake,0.09,0.26,0.167,113,reviewed,nc,nc
2014-06-21T17:22:08.570Z,37.6085,-122.0058333,6.291,2.92,md,167,21,0.02883,0.16,nc,nc72241526,2017-02-04T01:27:42.630Z,"1km NE of Union City, California",earthquake,0.11,0.15,0.159,141,reviewed,nc,nc
2014-06-03T06:05:28.470Z,37.7198333,-122.1236667,5.769,2.68,md,157,19,0.005405,0.14,nc,nc72231406,2017-02-03T22:35:38.390Z,"2km ESE of San Leandro, California",earthquake,0.1,0.19,0.16,140,reviewed,nc,nc
2014-05-26T04:11:01.170Z,36.9643333,-121.5973333,6.802,2.7,md,96,26,0.06126,0.12,nc,nc72227261,2017-02-03T21:25:21.020Z,"5km SSW of Gilroy, California",earthquake,0.12,0.33,0.165,133,reviewed,nc,nc
2014-05-03T18:28:27.420Z,37.6323333,-121.6988333,4.293,2.6,md,82,119,0.04685,0.14,nc,nc72215116,2017-02-03T17:57:28.980Z,"8km SE of Livermore, California",earthquake,0.16,0.35,0.185,115,reviewed,nc,nc
2014-04-24T13:21:51.120Z,37.3806667,-122.1925,4.9,2.7,md,139,30,0.01982,0.13,nc,nc72204505,2017-02-03T15:51:20.870Z,"2km SSE of Ladera, California",earthquake,0.09,0.12,0.12,143,reviewed,nc,nc
2014-03-07T21:38:23.640Z,37.6041667,-122.0146667,6.353,2.77,md,222,25,0.02162,0.19,nc,nc72180656,2017-02-03T08:50:23.410Z,"1km NNE of Union City, California",earthquake,0.1,0.19,0.177,126,reviewed,nc,nc
2014-02-13T08:24:51.970Z,37.3605,-121.714,7.279,2.6,md,150,39,0.04505,0.15,nc,nc72165771,2017-02-03T04:34:21.330Z,"9km ESE of East Foothills, California",earthquake,0.12,0.2,0.127,147,reviewed,nc,nc
2014-01-10T07:48:52.380Z,37.5393333,-121.9215,8.957,2.6,mh,8,193,0.02703,0.03,nc,nc72139711,2017-02-02T20:57:44.044Z,"6km E of Fremont, California",earthquake,0.85,1.31,,0,reviewed,nc,nc
2014-01-03T11:52:17.380Z,37.3235,-122.1573333,9.61,2.85,md,195,35,0.006306,0.22,nc,nc72135386,2017-02-02T19:36:41.220Z,"5km WSW of Loyola, California",earthquake,0.14,0.26,0.123,213,reviewed,nc,nc
2013-12-21T11:38:45.270Z,37.745,-122.1511667,5.048,2.63,md,168,20,0.03604,0.15,nc,nc72128026,2017-02-02T04:25:31.540Z,"2km N of San Leandro, California",earthquake,0.09,0.19,0.151,108,reviewed,nc,nc
2013-12-14T00:16:28.110Z,37.2513333,-122.1683333,11.375,2.91,md,180,65,0.03694,0.21,nc,nc72120420,2017-02-02T03:20:32.710Z,"12km W of Saratoga, California",earthquake,0.18,0.23,0.138,158,reviewed,nc,nc
2013-12-02T10:05:21.790Z,36.9395,-121.5356667,7.83,3.65,mw,102,22,0.02613,0.15,nc,nc72113080,2017-03-17T22:59:04.746Z,"7km SSE of Gilroy, California",earthquake,0.14,0.34,,4,reviewed,nc,nc
2013-12-01T14:14:25.220Z,37.2506667,-122.1686667,10.745,2.83,md,200,66,0.03694,0.21,nc,nc72112690,2017-02-02T01:32:47.210Z,"12km SSW of Loyola, California",earthquake,0.14,0.21,0.132,189,reviewed,nc,nc
2013-11-23T16:01:28.850Z,37.7771667,-121.9401667,7.794,2.74,md,85,54,0.02703,0.08,nc,nc72108595,2017-02-02T00:24:10.050Z,"3km E of San Ramon, California",earthquake,0.09,0.22,0.193,119,reviewed,nc,nc
2013-11-13T17:30:30.500Z,37.7863333,-121.9658333,10.066,3.32,mw,195,54,0.005405,0.13,nc,nc72106876,2017-02-01T23:03:09.200Z,"1km ENE of San Ramon, California",earthquake,0.1,0.15,,6,reviewed,nc,nc
2013-11-12T23:40:30.510Z,37.6588333,-122.4918333,10.029,2.77,md,152,89,0.02523,0.07,nc,nc72106531,2017-02-01T22:57:39.070Z,"3km SSW of Broadmoor, California",earthquake,0.11,0.17,0.142,98,reviewed,nc,nc
2013-11-12T23:35:50.760Z,37.7743333,-121.9451667,5.734,2.97,md,108,53,0.02523,0.16,nc,nc72106516,2017-02-01T22:57:04.890Z,"2km ESE of San Ramon, California",earthquake,0.1,0.12,0.236,90,reviewed,nc,nc
2013-11-09T20:42:57.420Z,37.3605,-121.7226667,6.089,2.61,md,111,37,0.03874,0.09,nc,nc72104361,2017-02-01T22:25:33.810Z,"8km ESE of East Foothills, California",earthquake,0.09,0.17,0.172,111,reviewed,nc,nc
2013-11-09T06:04:26.990Z,37.7753333,-121.9468333,7.66,2.86,ml,156,53,0.02342,0.1,nc,nc72103956,2017-02-01T22:17:48.920Z,"2km ESE of San Ramon, California",earthquake,0.09,0.18,0.162,63,reviewed,nc,nc
2013-11-02T15:00:52.090Z,37.4805,-121.808,7.982,2.69,md,178,70,0.03063,0.1,nc,nc72100151,2017-02-01T21:14:38.360Z,"10km ENE of Milpitas, California",earthquake,0.1,0.22,0.146,165,reviewed,nc,nc
2013-10-29T11:42:41.560Z,37.3873333,-121.7361667,7.847,2.52,md,148,34,0.02973,0.11,nc,nc72097606,2017-02-01T20:33:21.300Z,"7km E of East Foothills, California",earthquake,0.11,0.23,0.144,108,reviewed,nc,nc
2013-10-21T08:32:56.440Z,37.7871667,-121.9166667,11.269,2.9,md,179,31,0.04324,0.12,nc,nc72092001,2017-02-01T19:12:52.340Z,"3km SSW of Blackhawk, California",earthquake,0.1,0.15,0.151,194,reviewed,nc,nc
2013-09-11T22:50:19.250Z,37.5395,-121.9261667,10.452,2.88,md,164,29,0.01892,0.19,nc,nc72068371,2017-02-01T12:47:13.170Z,"5km E of Fremont, California",earthquake,0.12,0.21,0.176,150,reviewed,nc,nc
2013-09-06T09:06:59.330Z,37.5155,-121.885,6.692,2.51,md,195,28,0.01081,0.18,nc,nc72064561,2017-02-01T11:53:47.180Z,"9km ESE of Fremont, California",earthquake,0.1,0.17,0.184,141,reviewed,nc,nc
2013-09-01T20:53:02.000Z,37.3651667,-121.7226667,9.06,2.51,md,150,36,0.03784,0.13,nc,nc72061971,2017-02-01T11:19:48.070Z,"8km ESE of East Foothills, California",earthquake,0.11,0.25,0.125,129,reviewed,nc,nc
2013-08-05T23:23:44.980Z,37.3168333,-121.681,8.01,2.9,md,149,39,0.03964,0.09,nc,nc72043816,2017-02-01T07:19:48.500Z,"14km ESE of Alum Rock, California",earthquake,0.09,0.18,0.154,222,reviewed,nc,nc
2013-08-03T12:30:07.910Z,37.5943333,-122.4275,3.826,2.8,mh,8,84,0.01351,0.04,nc,nc72042536,2017-02-01T07:00:28.870Z,"3km W of Millbrae, California",earthquake,0.48,2.59,,0,reviewed,nc,nc
2013-08-02T14:36:17.110Z,37.391,-121.7391667,7.583,2.84,md,170,29,0.02973,0.13,nc,nc72041956,2017-02-01T06:51:57.980Z,"7km E of East Foothills, California",earthquake,0.11,0.24,0.134,119,reviewed,nc,nc
2013-07-15T19:02:44.270Z,37.4323333,-121.7716667,9.52,3.28,mw,253,49,0.05495,0.12,nc,nc72027430,2017-02-01T04:21:43.820Z,"6km NE of East Foothills, California",earthquake,0.08,0.19,,4,reviewed,nc,nc
2013-06-29T14:28:31.430Z,37.6905,-121.6496667,0.923,2.78,md,102,127,0.06667,0.16,nc,nc72017485,2017-02-01T02:04:28.310Z,"10km E of Livermore, California",earthquake,0.15,0.31,0.155,122,reviewed,nc,nc
2013-06-20T02:04:26.330Z,37.6036667,-122.4603333,7.984,2.7,md,177,40,0.01532,0.12,nc,nc72011760,2017-02-01T00:36:09.020Z,"2km ESE of Pacifica, California",earthquake,0.12,0.14,0.139,88,reviewed,nc,nc
2013-05-10T05:12:24.890Z,37.3735,-121.7235,8.19,3.5,mw,259,36,0.03604,0.15,nc,nc71988946,2017-03-17T22:44:30.539Z,"8km E of East Foothills, California",earthquake,0.1,0.2,,3,reviewed,nc,nc
2013-04-20T00:30:39.130Z,37.4601667,-121.7726667,7.788,3.12,ml,201,63,0.08198,0.15,nc,nc71974010,2017-01-31T12:34:28.960Z,"9km NNE of East Foothills, California",earthquake,0.12,0.31,0.188,68,reviewed,nc,nc
2013-03-08T20:26:55.210Z,37.7556667,-122.566,6.859,2.72,md,140,98,0.04865,0.09,nc,nc71950635,2017-01-31T06:18:05.310Z,"10km WNW of Daly City, California",earthquake,0.11,0.13,0.158,95,reviewed,nc,nc
2013-02-24T09:55:54.870Z,37.5608333,-121.9528333,6.629,2.89,ml,236,28,0.01441,0.15,nc,nc71943160,2017-01-31T04:07:30.590Z,"3km ENE of Fremont, California",earthquake,0.08,0.1,0.174,50,reviewed,nc,nc
2013-02-22T00:55:50.850Z,37.1478333,-121.5413333,6.377,3.15,ml,185,59,0.03784,0.12,nc,nc71942010,2017-01-31T03:46:32.800Z,"9km NE of San Martin, California",earthquake,0.11,0.3,0.156,42,reviewed,nc,nc
2013-02-17T00:42:23.070Z,37.74,-122.1556667,8.652,2.58,md,66,49,0.04414,0.11,nc,nc71938975,2017-01-31T03:03:50.320Z,"1km N of San Leandro, California",earthquake,0.15,0.46,0.16,76,reviewed,nc,nc
2013-01-26T18:39:24.330Z,37.1725,-122.3595,10.277,2.62,md,138,168,0.02793,0.16,nc,nc71929271,2017-01-30T22:45:05.140Z,"Northern California",earthquake,0.35,0.25,0.167,105,reviewed,nc,nc
2013-01-14T07:22:18.020Z,37.3833333,-121.7293333,8.69,2.62,md,136,71,0.03333,0.13,nc,nc71921346,2017-01-30T20:15:08.580Z,"San Francisco Bay area, California",earthquake,0.13,0.27,0.158,107,reviewed,nc,nc
2013-01-06T16:09:15.580Z,37.423,-121.7676667,6.411,2.61,md,142,57,0.03784,0.1,nc,nc71916141,2017-01-30T18:25:36.420Z,"San Francisco Bay area, California",earthquake,0.09,0.27,0.129,106,reviewed,nc,nc
2012-12-29T22:47:34.010Z,37.5778333,-122.509,8.58,2.51,md,131,127,0.00991,0.11,nc,nc71912186,2017-01-29T05:23:07.050Z,"San Francisco Bay area, California",earthquake,0.25,0.23,0.175,86,reviewed,nc,nc
2012-12-29T22:35:08.990Z,37.58,-122.5015,8.177,2.81,md,174,99,0.006306,0.13,nc,nc71912166,2017-01-29T05:22:36.640Z,"San Francisco Bay area, California",earthquake,0.18,0.15,0.168,88,reviewed,nc,nc
2012-12-06T05:57:36.360Z,37.5403333,-121.8386667,4.436,2.86,md,192,56,0.03784,0.13,nc,nc71899321,2017-01-29T02:06:54.370Z,"San Francisco Bay area, California",earthquake,0.09,0.22,0.144,146,reviewed,nc,nc
2012-11-26T18:25:15.320Z,37.5808333,-121.9808333,8.18,2.6,md,150,22,0.00991,0.13,nc,nc71894156,2017-01-29T00:47:31.320Z,"San Francisco Bay area, California",earthquake,0.1,0.17,0.137,105,reviewed,nc,nc
2012-07-23T15:48:32.380Z,37.4331667,-121.7733333,11.621,2.69,md,168,56,0.02793,0.14,nc,nc71820686,2017-01-28T06:18:52.180Z,"San Francisco Bay area, California",earthquake,0.13,0.27,0.124,107,reviewed,nc,nc
2012-07-04T05:13:11.570Z,37.5713333,-122.5111667,8.951,2.74,md,176,137,0.01712,0.12,nc,nc71810686,2017-01-28T03:52:17.880Z,"San Francisco Bay area, California",earthquake,0.19,0.23,0.146,110,reviewed,nc,nc
2012-07-04T02:09:56.820Z,37.5676667,-122.5085,8.319,2.62,md,147,137,0.01982,0.12,nc,nc71810601,2017-01-28T03:50:27.830Z,"San Francisco Bay area, California",earthquake,0.21,0.13,0.173,83,reviewed,nc,nc
2012-07-04T02:06:21.880Z,37.5623333,-122.5078333,8.939,2.77,md,101,139,0.02432,0.13,nc,nc71810586,2017-01-28T03:49:39.370Z,"San Francisco Bay area, California",earthquake,0.28,0.32,0.167,83,reviewed,nc,nc
2012-07-02T05:25:02.640Z,37.5881667,-122.4523333,14.429,2.5,md,176,71,0.005405,0.35,nc,nc71805215,2017-01-28T03:29:44.570Z,"San Francisco Bay area, California",earthquake,0.33,0.5,0.162,81,reviewed,nc,nc
2012-06-25T08:13:40.550Z,37.2633333,-121.6371667,7.352,3.28,mw,244,30,0.02883,0.18,nc,nc71806256,2017-01-28T02:30:20.350Z,"Northern California",earthquake,0.12,0.21,,4,reviewed,nc,nc
2012-06-24T03:12:25.190Z,36.9396667,-121.5396667,7.453,2.97,ml,104,31,0.03874,0.24,nc,nc71805701,2017-01-28T02:21:11.870Z,"Northern California",earthquake,0.19,0.66,0.14,30,reviewed,nc,nc
2012-06-19T19:14:46.890Z,37.303,-122.1123333,8.038,2.72,md,178,32,0.03514,0.23,nc,nc71803646,2017-01-28T01:46:06.300Z,"San Francisco Bay area, California",earthquake,0.16,0.23,0.119,126,reviewed,nc,nc
2012-06-03T17:31:37.000Z,37.2613333,-121.6356667,8.085,3.52,mw,243,30,0.08108,0.16,nc,nc71795731,2017-03-17T22:19:07.401Z,"Northern California",earthquake,0.11,0.26,,5,reviewed,nc,nc
2012-05-02T02:37:52.110Z,37.084,-122.3536667,8.086,2.9,md,123,203,0.1153,0.17,nc,nc71774170,2017-01-27T16:59:40.960Z,"offshore Northern California",earthquake,0.36,0.48,0.145,126,reviewed,nc,nc
2012-04-29T12:53:03.750Z,37.54,-121.9223333,9.806,2.69,md,157,49,0.01622,0.14,nc,nc71772940,2017-01-27T16:38:39.090Z,"San Francisco Bay area, California",earthquake,0.12,0.22,0.126,41,reviewed,nc,nc
2012-04-05T09:42:27.220Z,37.2565,-121.6373333,5.826,2.85,md,135,57,0.02883,0.08,nc,nc71758725,2017-01-27T12:21:08.930Z,"Northern California",earthquake,0.09,0.19,0.124,135,reviewed,nc,nc
2012-04-05T08:03:42.700Z,37.2581667,-121.6368333,7.336,2.65,md,161,57,0.02883,0.12,nc,nc71758680,2017-01-27T12:19:56.200Z,"Northern California",earthquake,0.11,0.26,0.133,120,reviewed,nc,nc
2012-03-26T15:58:06.730Z,37.11,-122.2986667,11.347,2.51,md,101,189,0.0964,0.14,nc,nc71753980,2017-01-27T10:45:29.410Z,"Northern California",earthquake,0.22,0.22,0.169,101,reviewed,nc,nc
2012-03-10T17:22:59.780Z,37.3633333,-122.157,7.269,2.73,md,189,40,0.005405,0.17,nc,nc71745995,2017-01-27T08:00:11.220Z,"San Francisco Bay area, California",earthquake,0.11,0.16,0.134,126,reviewed,nc,nc
2012-01-26T02:21:03.370Z,36.9363333,-121.683,10.985,3.22,ml,104,44,0.04775,0.11,nc,nc71718180,2017-01-26T23:25:24.640Z,"Northern California",earthquake,0.12,0.26,0.139,5,reviewed,nc,nc
2012-01-26T02:20:19.640Z,36.9353333,-121.6801667,11.034,3.39,ml,120,46,0.04955,0.09,nc,nc71718175,2017-01-26T23:25:13.670Z,"Northern California",earthquake,0.1,0.24,0.186,53,reviewed,nc,nc
2012-01-16T16:42:16.630Z,37.2538333,-121.6376667,5.443,2.61,md,101,31,0.02883,0.07,nc,nc71718406,2017-01-26T21:41:21.210Z,"Northern California",earthquake,0.09,0.21,0.142,109,reviewed,nc,nc
2011-12-18T17:47:11.000Z,37.5155,-121.846,7.222,2.51,md,111,57,0.02252,0.12,nc,nc71695235,2017-01-25T22:24:49.180Z,"San Francisco Bay area, California",earthquake,0.11,0.29,0.139,102,reviewed,nc,nc
2011-12-03T23:03:21.080Z,37.2393333,-121.6255,4.896,2.59,md,106,61,0.04234,0.09,nc,nc71690931,2017-01-25T18:16:29.900Z,"Northern California",earthquake,0.08,0.24,0.135,109,reviewed,nc,nc
2011-11-23T16:26:54.490Z,37.3843333,-121.7383333,6.858,2.72,md,107,33,0.02703,0.09,nc,nc71685971,2017-01-25T15:59:38.200Z,"San Francisco Bay area, California",earthquake,0.1,0.33,0.145,119,reviewed,nc,nc
2011-11-08T11:56:44.480Z,37.5753333,-121.9731667,9.315,2.83,md,147,23,0.03333,0.15,nc,nc71677591,2017-01-25T13:28:22.520Z,"San Francisco Bay area, California",earthquake,0.1,0.26,0.126,150,reviewed,nc,nc
2011-11-07T18:27:32.840Z,37.1003333,-121.803,5.014,2.59,md,97,30,0.07658,0.12,nc,nc71677166,2017-01-25T13:23:06.210Z,"Northern California",earthquake,0.1,0.26,0.11,109,reviewed,nc,nc
2011-10-10T06:03:09.880Z,37.3385,-121.6945,9.596,2.72,md,173,40,0.04144,0.15,nc,nc71661306,2017-01-25T09:23:02.950Z,"Northern California",earthquake,0.12,0.27,0.132,134,reviewed,nc,nc
2011-09-29T23:47:54.150Z,37.7786667,-122.2115,14.458,3.08,ml,224,14,0.02793,0.16,nc,nc71655651,2017-01-25T07:58:51.180Z,"San Francisco Bay area, California",earthquake,0.14,0.18,0.262,66,reviewed,nc,nc
2011-09-26T03:08:09.600Z,37.7506667,-122.1505,7.859,3.24,mw,238,20,0.02342,0.14,nc,nc71653461,2017-01-25T07:26:42.330Z,"San Francisco Bay area, California",earthquake,0.09,0.19,,4,reviewed,nc,nc
2011-08-30T07:19:18.500Z,37.7135,-122.5226667,6.398,2.84,md,198,91,0.04505,0.1,nc,nc71630310,2017-01-25T03:25:25.760Z,"offshore Northern California",earthquake,0.12,0.15,0.149,153,reviewed,nc,nc
2011-08-24T16:57:44.860Z,37.751,-122.138,8.77,3.5,mh,5,194,0.147,0.39,ci,ci10997645,2016-03-10T07:08:34.092Z,"3km NNE of San Leandro, CA",earthquake,6.1,31.61,,0,reviewed,ci,ci
2011-08-24T16:57:44.120Z,37.7451667,-122.151,8.632,3.38,mw,247,20,0.01802,0.17,nc,nc71625585,2017-01-25T02:13:39.580Z,"San Francisco Bay area, California",earthquake,0.11,0.22,,5,reviewed,nc,nc
2011-08-24T06:36:54.060Z,37.7438333,-122.1486667,8.092,3.6,mw,266,20,0.01712,0.17,nc,nc71625060,2017-03-17T22:01:53.116Z,"San Francisco Bay area, California",earthquake,0.1,0.23,,4,reviewed,nc,nc
2011-08-08T08:52:00.860Z,37.6571667,-122.0936667,11.658,2.52,md,192,34,0.01351,0.15,nc,nc71615525,2017-01-24T23:47:41.350Z,"San Francisco Bay area, California",earthquake,0.1,0.26,0.119,119,reviewed,nc,nc
2011-06-14T11:51:05.980Z,37.3755,-121.7275,9.651,2.98,ml,135,34,0.03333,0.11,nc,nc71584870,2017-01-24T15:57:43.550Z,"San Francisco Bay area, California",earthquake,0.13,0.3,0.135,46,reviewed,nc,nc
2011-05-28T10:39:28.390Z,37.2566667,-121.6391667,5.135,3.17,ml,144,30,0.02703,0.09,nc,nc71576600,2017-01-24T13:41:31.430Z,"Northern California",earthquake,0.09,0.2,0.195,55,reviewed,nc,nc
2011-04-23T06:06:04.210Z,37.1291667,-121.5311667,7.187,2.54,md,112,66,0.01802,0.06,nc,nc71563621,2017-01-24T09:33:22.950Z,"Northern California",earthquake,0.1,0.26,0.116,124,reviewed,nc,nc
2011-04-18T21:57:19.120Z,37.601,-122.4501667,12.307,3.37,mw,240,32,0.01441,0.13,nc,nc71560691,2017-01-24T08:58:42.950Z,"San Francisco Bay area, California",earthquake,0.15,0.21,,4,reviewed,nc,nc
2011-03-02T01:30:22.750Z,37.36,-121.715,8.149,2.6,md,164,94,0.04505,0.15,nc,nc71531360,2017-01-24T02:31:07.810Z,"Northern California",earthquake,0.14,0.25,0.118,120,reviewed,nc,nc
2011-02-25T13:49:01.320Z,37.3523333,-121.7053333,8.846,2.54,md,125,99,0.05135,0.17,nc,nc71528560,2017-01-24T01:39:04.170Z,"Northern California",earthquake,0.2,0.34,0.132,86,reviewed,nc,nc
2011-02-13T09:05:50.030Z,37.196,-121.6311667,2.248,2.73,md,121,54,0.03243,0.1,nc,nc71528681,2017-01-24T00:14:13.200Z,"Northern California",earthquake,0.08,0.26,0.13,134,reviewed,nc,nc
2011-02-05T08:40:37.210Z,37.7125,-121.5793333,13.041,2.86,md,145,71,0.1081,0.2,nc,nc71524921,2017-01-23T23:09:27.610Z,"Northern California",earthquake,0.26,0.42,0.142,149,reviewed,nc,nc
2011-01-24T07:12:03.570Z,37.2891667,-121.6618333,5.935,2.96,ml,176,43,0.03153,0.13,nc,nc71514135,2017-01-23T21:37:06.360Z,"Northern California",earthquake,0.09,0.18,0.118,20,reviewed,nc,nc
2011-01-08T00:13:12.450Z,37.2841667,-121.6603333,6.247,2.53,md,104,62,0.02703,0.07,nc,nc71506875,2017-01-23T19:23:59.980Z,"Northern California",earthquake,0.1,0.25,0.153,101,reviewed,nc,nc
2011-01-08T00:10:16.740Z,37.2871667,-121.6581667,9.593,4.1,mw,244,55,0.03063,0.18,nc,nc71506865,2017-03-17T21:53:02.637Z,"Northern California",earthquake,0.14,0.37,,10,reviewed,nc,nc
2010-12-26T15:23:39.270Z,37.4966667,-121.8073333,7.815,2.83,md,167,65,0.04685,0.11,nc,nc71501520,2017-01-23T11:49:54.540Z,"San Francisco Bay area, California",earthquake,0.11,0.3,0.141,122,reviewed,nc,nc
2010-12-20T02:13:35.390Z,37.36,-122.1113333,6.331,2.56,md,118,20,0.008108,0.16,nc,nc71498905,2017-01-23T11:03:17.800Z,"San Francisco Bay area, California",earthquake,0.12,0.16,0.166,99,reviewed,nc,nc
2010-12-19T17:28:24.080Z,37.3566667,-122.1171667,5.272,2.99,ml,172,20,0.01171,0.15,nc,nc71498795,2017-01-23T11:01:16.500Z,"San Francisco Bay area, California",earthquake,0.1,0.16,0.214,54,reviewed,nc,nc
2010-11-25T06:28:38.030Z,37.3003333,-121.6661667,7.92,3.25,mw,239,49,0.04144,0.17,nc,nc71488065,2017-01-23T08:00:46.260Z,"Northern California",earthquake,0.13,0.22,,4,reviewed,nc,nc
2010-11-04T08:31:48.660Z,37.3378333,-121.694,9.275,2.5,md,153,28,0.04144,0.15,nc,nc71483706,2017-01-23T05:36:39.940Z,"Northern California",earthquake,0.13,0.3,0.094,86,reviewed,nc,nc
2010-10-15T16:13:53.040Z,37.41,-121.7526667,9.161,3,mw,213,22,0.03964,0.13,nc,nc71474456,2017-01-23T03:28:29.740Z,"San Francisco Bay area, California",earthquake,0.09,0.2,,3,reviewed,nc,nc
2010-10-01T05:21:09.520Z,37.3481667,-121.7086667,8.265,2.55,md,127,30,0.05315,0.1,nc,nc71462565,2017-01-23T01:49:47.750Z,"Northern California",earthquake,0.09,0.23,0.139,121,reviewed,nc,nc
2010-09-19T09:51:13.610Z,37.4773333,-121.8105,8.895,2.65,md,208,28,0.02793,0.14,nc,nc71457410,2017-01-23T00:32:33.300Z,"San Francisco Bay area, California",earthquake,0.1,0.27,0.113,147,reviewed,nc,nc
2010-08-27T14:40:29.330Z,37.8015,-122.0318333,7.118,2.55,md,118,45,0.02883,0.13,nc,nc71447285,2017-01-22T22:00:34.540Z,"San Francisco Bay area, California",earthquake,0.1,0.17,0.182,120,reviewed,nc,nc
2010-07-23T21:29:10.100Z,37.665,-122.5123333,7.597,3.15,mw,127,101,0.02703,0.1,nc,nc71436076,2017-01-22T18:10:18.010Z,"offshore Northern California",earthquake,0.16,0.2,,3,reviewed,nc,nc
2010-07-14T22:28:41.690Z,37.7358333,-122.1321667,6.846,2.72,md,130,28,0.01532,0.16,nc,nc71424990,2017-01-22T16:37:32.890Z,"San Francisco Bay area, California",earthquake,0.12,0.19,0.143,138,reviewed,nc,nc
2010-07-07T09:32:23.410Z,37.1331667,-121.5325,7.197,2.7,md,109,60,0.02162,0.06,nc,nc71420450,2017-01-22T15:46:15.100Z,"Northern California",earthquake,0.1,0.29,0.121,131,reviewed,nc,nc
2010-06-30T22:58:34.600Z,37.448,-121.7676667,7.176,2.89,ml,141,42,0.02613,0.11,nc,nc71417825,2017-01-22T15:05:22.600Z,"San Francisco Bay area, California",earthquake,0.11,0.33,0.174,39,reviewed,nc,nc
2010-06-28T14:47:04.340Z,37.7421667,-122.5523333,7.655,3.25,mw,164,99,0.04234,0.09,nc,nc71416595,2017-01-22T14:48:59.950Z,"offshore Northern California",earthquake,0.11,0.16,,6,reviewed,nc,nc
2010-06-23T20:38:36.130Z,37.3105,-121.6758333,7.624,2.93,md,150,34,0.04054,0.11,nc,nc71414410,2017-01-22T14:19:16.870Z,"Northern California",earthquake,0.09,0.21,0.164,158,reviewed,nc,nc
2010-05-30T07:04:46.800Z,37.717,-122.1216667,4.963,2.58,md,186,16,0.007207,0.18,nc,nc71406711,2017-01-22T11:23:13.800Z,"San Francisco Bay area, California",earthquake,0.1,0.17,0.148,135,reviewed,nc,nc
2010-05-30T06:59:57.060Z,37.7183333,-122.1195,5.315,3.2,mw,219,16,0.005405,0.17,nc,nc71406701,2017-01-22T11:22:58.590Z,"San Francisco Bay area, California",earthquake,0.09,0.14,,6,reviewed,nc,nc
2010-05-18T22:46:48.020Z,37.3885,-121.742,6.902,2.85,md,120,29,0.02613,0.08,nc,nc71400686,2017-01-22T09:56:26.050Z,"San Francisco Bay area, California",earthquake,0.1,0.36,0.119,121,reviewed,nc,nc
2010-05-15T17:54:42.750Z,37.7006667,-122.003,9.892,3.28,mw,218,32,0.04865,0.16,nc,nc71398641,2017-01-22T09:32:28.490Z,"San Francisco Bay area, California",earthquake,0.11,0.17,,4,reviewed,nc,nc
2010-04-14T05:08:00.110Z,37.114,-122.3831667,7.76,2.54,md,125,218,0.08919,0.18,nc,nc71381781,2017-01-22T05:46:04.240Z,"offshore Northern California",earthquake,0.32,0.36,0.138,121,reviewed,nc,nc
2010-04-04T19:54:40.930Z,37.3826667,-121.7365,6.848,2.67,md,144,32,0.02793,0.09,nc,nc71377536,2017-01-22T04:34:52.300Z,"San Francisco Bay area, California",earthquake,0.08,0.21,0.161,115,reviewed,nc,nc
2010-03-28T06:56:32.070Z,37.4788333,-121.7988333,9.786,3.22,ml,206,28,0.02883,0.17,nc,nc71369535,2017-01-22T03:46:10.370Z,"San Francisco Bay area, California",earthquake,0.13,0.34,0.171,61,reviewed,nc,nc
2010-03-18T18:01:24.470Z,37.4523333,-121.6855,7.261,2.52,md,110,38,0.03604,0.06,nc,nc71365200,2017-01-22T02:33:51.560Z,"Northern California",earthquake,0.09,0.24,0.134,110,reviewed,nc,nc
2010-03-03T20:36:33.570Z,37.4178333,-121.7611667,9.618,3.37,mw,172,31,0.04505,0.15,nc,nc71357760,2017-01-22T00:27:31.770Z,"San Francisco Bay area, California",earthquake,0.12,0.29,,3,reviewed,nc,nc
2010-02-23T20:03:41.600Z,37.2853333,-121.6601667,6.175,2.97,md,122,62,0.02793,0.1,nc,nc71353530,2017-01-21T23:18:27.110Z,"Northern California",earthquake,0.11,0.25,0.113,101,reviewed,nc,nc
2010-01-30T14:19:28.000Z,37.4788333,-121.8068333,9.714,2.68,md,172,35,0.02883,0.13,nc,nc71346286,2017-01-21T20:11:55.830Z,"San Francisco Bay area, California",earthquake,0.12,0.27,0.105,135,reviewed,nc,nc
2010-01-28T23:42:20.330Z,37.4726667,-121.7998333,9.736,2.51,md,120,63,0.02252,0.1,nc,nc71345426,2017-01-21T19:56:39.580Z,"San Francisco Bay area, California",earthquake,0.12,0.25,0.143,117,reviewed,nc,nc
2010-01-25T08:18:10.420Z,37.5401667,-121.7966667,5.604,2.54,md,162,38,0.06396,0.19,nc,nc71344086,2017-01-21T19:36:50.160Z,"San Francisco Bay area, California",earthquake,0.15,0.48,0.131,118,reviewed,nc,nc
2010-01-08T19:48:50.050Z,37.4821667,-121.793,9.373,3.73,mw,179,37,0.03243,0.15,nc,nc71337451,2017-03-17T21:25:20.313Z,"San Francisco Bay area, California",earthquake,0.14,0.33,,3,reviewed,nc,nc
2010-01-07T18:09:35.040Z,37.4811667,-121.7986667,10.753,4.05,mw,201,36,0.03063,0.17,nc,nc71336726,2017-03-17T21:24:25.236Z,"San Francisco Bay area, California",earthquake,0.14,0.34,,4,reviewed,nc,nc
2010-01-07T07:09:00.780Z,37.4095,-121.755,8.968,2.95,ml,127,32,0.03874,0.1,nc,nc71336511,2017-01-21T17:23:21.620Z,"San Francisco Bay area, California",earthquake,0.12,0.31,0.165,43,reviewed,nc,nc
2009-11-24T21:26:17.800Z,37.3425,-122.1195,7.558,2.87,md,137,39,0.01982,0.21,nc,nc71318851,2017-01-21T05:57:46.440Z,"San Francisco Bay area, California",earthquake,0.15,0.21,0.132,152,reviewed,nc,nc
2009-11-14T13:23:36.580Z,37.3133333,-121.6808333,8.006,2.5,md,154,23,0.04144,0.15,nc,nc71314476,2017-01-21T04:49:23.260Z,"Northern California",earthquake,0.12,0.29,0.146,132,reviewed,nc,nc
2009-11-14T13:22:53.150Z,37.3156667,-121.683,7.536,2.55,md,117,23,0.04144,0.09,nc,nc71314471,2017-01-21T04:49:13.420Z,"Northern California",earthquake,0.1,0.26,0.11,101,reviewed,nc,nc
2009-11-08T22:30:45.980Z,37.4518333,-121.8055,6.095,2.61,md,126,26,0.004505,0.08,nc,nc71306980,2017-01-21T04:10:36.330Z,"San Francisco Bay area, California",earthquake,0.08,0.3,0.139,119,reviewed,nc,nc
2009-10-15T02:57:23.590Z,37.368,-121.7238333,7.578,3.39,mw,206,30,0.03604,0.16,nc,nc71294500,2017-01-21T01:23:35.060Z,"San Francisco Bay area, California",earthquake,0.11,0.21,,5,reviewed,nc,nc
2009-10-14T03:27:41.220Z,37.6396667,-121.8786667,9.165,3.71,mw,224,14,0.01802,0.21,nc,nc71299286,2017-03-17T21:19:49.555Z,"San Francisco Bay area, California",earthquake,0.13,0.2,,3,reviewed,nc,nc
2009-10-10T10:45:31.960Z,37.4333333,-121.774,4.458,2.62,md,126,19,0.02703,0.1,nc,nc71297401,2017-01-21T00:49:42.660Z,"San Francisco Bay area, California",earthquake,0.11,0.35,0.123,133,reviewed,nc,nc
2009-10-08T10:05:29.730Z,37.324,-121.7245,5.046,2.52,md,138,31,0.06036,0.18,nc,nc71296351,2017-01-21T00:36:48.800Z,"San Francisco Bay area, California",earthquake,0.14,0.43,0.14,130,reviewed,nc,nc
2009-09-21T07:24:58.640Z,37.395,-121.7831667,-0.062,2.51,md,148,20,0.02523,0.17,nc,nc71284001,2017-01-20T20:01:51.530Z,"San Francisco Bay area, California",earthquake,0.1,0.62,0.164,136,reviewed,nc,nc
2009-08-12T04:26:45.820Z,37.4731667,-121.7676667,9.529,2.83,md,124,31,0.03423,0.08,nc,nc71263926,2017-01-20T15:53:16.690Z,"San Francisco Bay area, California",earthquake,0.1,0.31,0.121,140,reviewed,nc,nc
2009-08-06T15:43:40.850Z,37.1615,-121.5651667,1.317,2.64,md,111,41,0.04865,0.18,nc,nc71261011,2017-01-20T15:23:43.560Z,"Northern California",earthquake,0.19,0.8,0.164,132,reviewed,nc,nc
2009-07-26T06:36:22.020Z,37.4195,-121.7671667,8.648,2.57,md,141,19,0.04054,0.13,nc,nc71254236,2017-01-20T14:15:42.150Z,"San Francisco Bay area, California",earthquake,0.13,0.38,0.123,110,reviewed,nc,nc
2009-06-28T16:25:40.650Z,37.3796667,-121.7336667,8.138,2.56,md,100,30,0.02883,0.06,nc,nc71240396,2017-01-20T11:52:21.020Z,"San Francisco Bay area, California",earthquake,0.1,0.27,0.125,97,reviewed,nc,nc
2009-06-26T11:34:46.380Z,37.4523333,-121.7773333,7.385,2.52,md,107,26,0.01802,0.11,nc,nc71239161,2017-01-20T11:39:26.770Z,"San Francisco Bay area, California",earthquake,0.12,0.39,0.107,81,reviewed,nc,nc
2009-06-19T05:16:22.820Z,37.4178333,-121.7646667,8.238,2.79,md,115,20,0.04324,0.11,nc,nc40238369,2017-01-20T10:50:13.770Z,"San Francisco Bay area, California",earthquake,0.12,0.35,0.131,86,reviewed,nc,nc
2009-06-18T17:15:44.720Z,37.6363333,-121.8765,8.329,2.53,md,74,34,0.03423,0.16,nc,nc40238346,2017-01-20T10:47:44.590Z,"San Francisco Bay area, California",earthquake,0.17,0.34,0.149,66,reviewed,nc,nc
2009-05-23T09:17:49.270Z,36.9626667,-121.5845,6.471,2.54,md,107,18,0.006306,0.14,nc,nc51222030,2017-01-20T08:08:34.450Z,"Northern California",earthquake,0.14,0.35,0.14,115,reviewed,nc,nc
2009-05-05T10:00:52.510Z,37.284,-121.6583333,6.665,3.25,ml,164,27,0.02793,0.14,nc,nc51221051,2017-01-20T06:21:15.960Z,"Northern California",earthquake,0.11,0.26,0.238,111,reviewed,nc,nc
2009-04-30T22:50:54.670Z,37.2535,-121.6358333,6.045,3.51,mw,139,31,0.03063,0.08,nc,nc51220793,2017-03-17T21:04:50.659Z,"Northern California",earthquake,0.09,0.25,,4,reviewed,nc,nc
2009-04-26T11:32:37.060Z,36.9895,-121.6698333,4.196,2.78,md,90,36,0.05856,0.09,nc,nc51220530,2017-01-20T05:29:41.190Z,"Northern California",earthquake,0.12,0.32,0.125,124,reviewed,nc,nc
2009-04-23T22:32:20.900Z,36.9928333,-121.6695,3.16,3.28,ml,89,57,0.05676,0.1,nc,nc51220405,2017-01-20T05:17:03.300Z,"Northern California",earthquake,0.12,0.34,0.224,73,reviewed,nc,nc
2009-04-14T23:23:20.420Z,37.4733333,-121.8078333,7.989,2.54,md,95,28,0.02342,0.1,nc,nc51219891,2017-01-20T04:23:10.150Z,"San Francisco Bay area, California",earthquake,0.12,0.38,0.088,67,reviewed,nc,nc
2009-03-30T17:40:29.260Z,37.2848333,-121.6156667,7.145,4.3,mw,170,57,0.05225,0.14,nc,nc40234037,2017-03-17T20:22:12.282Z,"Northern California",earthquake,0.12,0.35,,7,reviewed,nc,nc
2009-03-18T02:26:06.900Z,37.4575,-121.7698333,7.5,3.11,ml,147,28,0.02523,0.13,nc,nc40233339,2017-01-20T01:54:57.570Z,"San Francisco Bay area, California",earthquake,0.11,0.37,0.241,118,reviewed,nc,nc
2009-03-12T21:30:14.940Z,37.2513333,-121.6356667,5.286,3.13,ml,111,59,0.03063,0.07,nc,nc51218175,2017-01-20T01:23:14.640Z,"Northern California",earthquake,0.09,0.23,0.194,110,reviewed,nc,nc
2009-03-08T14:47:19.540Z,37.4743333,-121.8045,9.419,3.5,mw,162,29,0.02432,0.13,nc,nc40232887,2017-03-17T20:19:05.367Z,"San Francisco Bay area, California",earthquake,0.11,0.29,,4,reviewed,nc,nc
2009-03-05T07:46:02.240Z,37.3506667,-122.146,6.72,2.63,md,91,36,0.01802,0.2,nc,nc40232683,2017-01-20T00:32:28.840Z,"San Francisco Bay area, California",earthquake,0.18,0.33,0.121,75,reviewed,nc,nc
2009-03-01T13:06:44.330Z,37.3478333,-122.1503333,6.847,2.63,md,97,84,0.01982,0.24,nc,nc40232512,2017-01-20T00:15:47.730Z,"San Francisco Bay area, California",earthquake,0.21,0.27,0.119,108,reviewed,nc,nc
2009-02-24T13:53:44.380Z,37.652,-121.8151667,14.563,2.51,md,65,34,0.03604,0.15,nc,nc51217322,2017-01-19T23:46:36.330Z,"San Francisco Bay area, California",earthquake,0.17,0.35,0.118,58,reviewed,nc,nc
2009-02-21T19:01:02.540Z,37.6261667,-121.95,11.551,3.2,ml,172,13,0.01892,0.22,nc,nc40232081,2017-01-19T23:31:34.750Z,"San Francisco Bay area, California",earthquake,0.16,0.36,0.196,128,reviewed,nc,nc
2009-01-30T21:48:21.280Z,37.2531667,-121.6378333,4.963,2.61,md,87,58,0.02883,0.07,nc,nc40231058,2017-01-19T21:26:02.470Z,"Northern California",earthquake,0.11,0.32,0.134,77,reviewed,nc,nc
2008-12-09T16:38:50.240Z,37.4848333,-121.8091667,5.621,2.92,md,134,35,0.03514,0.13,nc,nc51212648,2017-01-19T03:08:32.710Z,"San Francisco Bay area, California",earthquake,0.13,0.38,0.144,148,reviewed,nc,nc
2008-12-09T16:25:46.640Z,37.4835,-121.8095,5.931,3.49,ml,152,34,0.03423,0.15,nc,nc51212644,2017-01-19T03:08:11.620Z,"San Francisco Bay area, California",earthquake,0.14,0.49,0.232,138,reviewed,nc,nc
2008-11-10T19:56:25.370Z,37.4335,-121.775,9.858,3.2,mw,152,36,0.02613,0.1,nc,nc51210970,2017-01-19T00:13:00.600Z,"San Francisco Bay area, California",earthquake,0.11,0.27,,3,reviewed,nc,nc
2008-11-06T15:33:17.470Z,37.3756667,-122.2675,8.086,2.55,md,106,72,0.03604,0.1,nc,nc51210737,2017-01-18T23:45:52.720Z,"Northern California",earthquake,0.13,0.26,0.121,112,reviewed,nc,nc
2008-11-02T03:34:35.040Z,37.1628333,-121.5545,5.167,3.18,ml,121,42,0.05676,0.09,nc,nc51210469,2017-01-18T23:18:57.020Z,"Northern California",earthquake,0.12,0.42,0.203,89,reviewed,nc,nc
2008-10-25T12:00:50.480Z,37.2641667,-121.641,7.215,2.92,md,138,31,0.02613,0.09,nc,nc51210101,2017-01-18T22:41:02.070Z,"Northern California",earthquake,0.1,0.25,0.126,172,reviewed,nc,nc
2008-09-17T23:26:41.170Z,36.9338333,-121.6813333,11.758,3.2,ml,98,57,0.01622,0.09,nc,nc51208267,2017-01-18T17:57:15.360Z,"Northern California",earthquake,0.14,0.28,0.214,70,reviewed,nc,nc
2008-08-22T22:40:31.810Z,37.3428333,-121.7076667,7.914,2.93,ml,98,39,0.05225,0.06,nc,nc51207264,2017-01-18T15:00:45.120Z,"Northern California",earthquake,0.09,0.23,0.133,15,reviewed,nc,nc
2008-08-20T17:37:28.190Z,37.2603333,-121.64,6.145,2.63,md,116,49,,0.1,nc,nc51207193,2017-01-18T14:51:10.990Z,"Northern California",earthquake,0.11,0.27,0.13,120,reviewed,nc,nc
2008-08-05T23:27:37.600Z,37.4508333,-121.7686667,7.22,2.6,md,114,42,0.02523,0.11,nc,nc40221606,2017-01-18T13:42:57.990Z,"San Francisco Bay area, California",earthquake,0.11,0.33,0.136,125,reviewed,nc,nc
2008-07-19T02:22:01.250Z,37.4306667,-121.7711667,11.118,2.69,md,115,35,0.03063,0.1,nc,nc40220858,2017-01-18T12:20:48.760Z,"San Francisco Bay area, California",earthquake,0.12,0.27,0.12,110,reviewed,nc,nc
2008-07-19T02:00:33.320Z,37.4296667,-121.7741667,8.6,2.53,md,93,18,,0.07,nc,nc40220856,2017-01-18T12:20:26.130Z,"San Francisco Bay area, California",earthquake,0.1,0.32,0.114,82,reviewed,nc,nc
2008-07-05T01:08:01.980Z,37.3461667,-121.7086667,8.727,2.75,md,135,39,0.05315,0.17,nc,nc40220199,2017-01-18T11:08:39.000Z,"Northern California",earthquake,0.14,0.37,0.129,94,reviewed,nc,nc
2008-05-15T06:47:04.580Z,37.378,-121.7283333,10.258,2.83,md,143,34,0.03243,0.12,nc,nc51202712,2017-01-18T06:41:28.830Z,"San Francisco Bay area, California",earthquake,0.12,0.31,0.125,148,reviewed,nc,nc
2008-04-19T01:53:14.080Z,37.2463333,-121.6333333,4.805,2.52,md,107,31,,0.09,nc,nc40215565,2017-01-18T04:14:41.630Z,"Northern California",earthquake,0.1,0.26,0.112,109,reviewed,nc,nc
2008-04-09T17:57:11.900Z,37.39,-121.7436667,7.581,2.56,md,32,56,0.02613,0.17,nc,nc71005369,2017-01-18T03:11:14.920Z,"San Francisco Bay area, California",earthquake,0.3,0.67,0.136,26,reviewed,nc,nc
2008-04-03T20:09:37.080Z,37.1798333,-121.5811667,2.997,2.55,md,88,77,0.03964,0.08,nc,nc40214523,2017-01-18T02:32:29.560Z,"Northern California",earthquake,0.12,0.39,0.125,103,reviewed,nc,nc
2008-03-31T06:20:03.970Z,37.3595,-121.72,7.18,2.61,md,102,37,0.04144,0.14,nc,nc51199434,2017-01-18T02:13:22.330Z,"San Francisco Bay area, California",earthquake,0.16,0.33,0.13,82,reviewed,nc,nc
2008-03-21T01:37:24.960Z,37.712,-121.9555,10.788,2.97,md,133,34,0.04144,0.16,nc,nc51198739,2017-01-18T01:10:14.840Z,"San Francisco Bay area, California",earthquake,0.13,0.27,0.126,122,reviewed,nc,nc
2008-03-21T01:28:20.740Z,37.7098333,-121.9545,10.598,3.01,ml,120,34,0.03964,0.17,nc,nc51198737,2017-01-18T01:09:59.410Z,"San Francisco Bay area, California",earthquake,0.14,0.3,0.279,16,reviewed,nc,nc
2008-03-20T23:46:18.100Z,37.708,-121.9486667,10.142,2.55,md,108,34,0.03514,0.14,nc,nc51198726,2017-01-18T01:08:44.670Z,"San Francisco Bay area, California",earthquake,0.12,0.23,0.158,108,reviewed,nc,nc
2008-03-20T23:23:21.430Z,37.7085,-121.9503333,10.1,2.76,md,91,33,0.03604,0.1,nc,nc51198721,2017-01-18T01:08:09.640Z,"1km WNW of Dublin, California",earthquake,0.12,0.22,0.199,2,reviewed,nc,nc
2008-03-20T23:18:54.520Z,37.7078333,-121.9555,10.278,2.95,ml,96,33,0.03874,0.16,nc,nc51198719,2017-01-18T01:07:53.850Z,"San Francisco Bay area, California",earthquake,0.16,0.28,0.27,9,reviewed,nc,nc
2008-02-22T14:03:11.530Z,37.4105,-121.7533333,9.09,2.89,md,120,38,0.03964,0.1,nc,nc51196909,2017-01-17T22:02:30.110Z,"San Francisco Bay area, California",earthquake,0.11,0.29,0.151,96,reviewed,nc,nc
2008-02-22T03:57:41.430Z,37.4151667,-121.7616667,8.394,2.71,md,114,41,0.04234,0.1,nc,nc51196875,2017-01-17T21:58:41.180Z,"San Francisco Bay area, California",earthquake,0.12,0.36,0.198,111,reviewed,nc,nc
2008-02-09T08:15:58.910Z,37.1228333,-122.3873333,13.959,2.78,md,79,199,0.1946,0.17,nc,nc51196102,2017-01-17T20:27:32.840Z,"offshore Northern California",earthquake,0.63,0.53,0.137,67,reviewed,nc,nc
2008-02-07T13:31:43.210Z,37.639,-122.4858333,9.494,3.12,ml,133,85,0.009009,0.13,nc,nc51195984,2017-01-17T20:15:06.230Z,"San Francisco Bay area, California",earthquake,0.16,0.25,0.128,10,reviewed,nc,nc
2008-02-07T06:33:34.200Z,37.4006667,-121.7446667,10.518,2.97,ml,137,33,0.03423,0.14,nc,nc51195958,2017-01-17T20:10:54.300Z,"San Francisco Bay area, California",earthquake,0.13,0.31,0.092,9,reviewed,nc,nc
2008-02-05T07:16:18.560Z,37.4065,-121.7541667,6.988,2.91,ml,132,36,0.03604,0.13,nc,nc40210721,2017-01-17T19:54:10.720Z,"San Francisco Bay area, California",earthquake,0.12,0.38,0.116,13,reviewed,nc,nc
2008-02-05T06:39:13.040Z,37.4073333,-121.7528333,7.218,2.92,ml,130,36,0.03694,0.12,nc,nc40210720,2017-01-17T19:53:59.010Z,"San Francisco Bay area, California",earthquake,0.12,0.36,0.103,14,reviewed,nc,nc
2008-01-31T15:32:23.130Z,37.3756667,-121.7295,7.698,2.6,md,106,34,0.03153,0.12,nc,nc40210426,2017-01-17T19:20:15.860Z,"San Francisco Bay area, California",earthquake,0.13,0.32,0.132,99,reviewed,nc,nc
2008-01-31T08:03:19.330Z,37.5291667,-121.8426667,4.621,2.76,md,118,56,0.02613,0.16,nc,nc40210399,2017-01-17T19:17:14.540Z,"San Francisco Bay area, California",earthquake,0.13,0.43,0.114,120,reviewed,nc,nc
2008-01-18T05:13:34.500Z,37.3895,-121.7448333,6.795,2.54,md,88,32,0.02523,0.06,nc,nc51194831,2017-01-17T17:49:58.510Z,"San Francisco Bay area, California",earthquake,0.1,0.3,0.105,73,reviewed,nc,nc
2008-01-14T15:17:13.920Z,37.3456667,-121.7036667,9.494,2.72,md,115,39,0.04865,0.13,nc,nc51194577,2017-01-17T17:24:04.860Z,"Northern California",earthquake,0.13,0.34,0.128,112,reviewed,nc,nc
2007-12-21T12:14:56.450Z,37.3078333,-121.6735,8.026,3.08,ml,122,45,0.04144,0.12,nc,nc51192926,2017-01-17T09:14:26.070Z,"Northern California",earthquake,0.13,0.28,0.115,14,reviewed,nc,nc
2007-11-27T17:06:40.100Z,37.4133333,-121.763,7.588,2.62,md,117,40,0.04054,0.09,nc,nc40206305,2017-01-17T06:40:57.240Z,"San Francisco Bay area, California",earthquake,0.1,0.31,0.132,102,reviewed,nc,nc
2007-11-24T05:18:44.350Z,37.4668333,-121.7798333,5.219,2.67,md,104,65,0.02342,0.06,nc,nc40206106,2017-01-17T06:19:24.280Z,"San Francisco Bay area, California",earthquake,0.09,0.22,0.104,87,reviewed,nc,nc
2007-11-12T15:50:06.100Z,37.421,-121.7671667,6.911,2.62,md,117,30,,0.09,nc,nc40205436,2017-01-17T05:11:16.920Z,"San Francisco Bay area, California",earthquake,0.09,0.32,0.108,117,reviewed,nc,nc
2007-11-06T20:47:45.850Z,37.335,-121.6965,7.515,2.6,md,92,40,0.04324,0.15,nc,nc40205096,2017-01-17T04:30:34.940Z,"Northern California",earthquake,0.15,0.34,0.136,86,reviewed,nc,nc
2007-11-04T12:49:15.490Z,37.4076667,-121.7541667,7.441,2.75,md,126,37,0.03694,0.1,nc,nc40204965,2017-01-17T04:13:19.950Z,"San Francisco Bay area, California",earthquake,0.11,0.35,0.107,123,reviewed,nc,nc
2007-10-31T22:54:24.520Z,37.4351667,-121.7798333,8.548,3.69,mw,158,51,0.02252,0.12,nc,nc51189819,2017-03-17T20:43:06.403Z,"San Francisco Bay area, California",earthquake,0.11,0.3,,4,reviewed,nc,nc
2007-10-31T09:57:51.020Z,37.3683333,-121.7268333,8.37,2.8,md,129,35,0.03333,0.09,nc,nc40204679,2017-01-17T03:37:58.120Z,"San Francisco Bay area, California",earthquake,0.1,0.23,0.099,97,reviewed,nc,nc
2007-10-31T03:04:54.810Z,37.4335,-121.7743333,9.741,5.45,mw,156,50,0.02703,0.11,nc,nc40204628,2017-04-26T18:07:17.626Z,"San Francisco Bay area, California",earthquake,0.11,0.28,,6,reviewed,nc,nc
2007-10-26T21:44:32.560Z,37.1106667,-121.8208333,4.117,2.78,md,97,28,0.01081,0.1,nc,nc40204393,2017-01-17T03:05:25.540Z,"Northern California",earthquake,0.1,0.18,0.113,101,reviewed,nc,nc
2007-10-04T11:58:50.320Z,37.7508333,-122.1443333,7.511,2.51,md,110,28,0.02432,0.14,nc,nc40203157,2017-01-17T01:01:42.630Z,"San Francisco Bay area, California",earthquake,0.12,0.24,0.11,82,reviewed,nc,nc
2007-10-04T11:09:41.530Z,37.6568333,-122.0616667,6.095,2.97,md,135,28,0.04144,0.14,nc,nc40203154,2017-01-17T01:01:17.920Z,"San Francisco Bay area, California",earthquake,0.11,0.24,0.119,93,reviewed,nc,nc
2007-09-10T09:23:22.870Z,37.2086667,-122.1395,14.646,2.55,md,108,77,0.07658,0.17,nc,nc40201611,2017-01-16T22:32:46.640Z,"Northern California",earthquake,0.21,0.37,0.139,93,reviewed,nc,nc
2007-08-17T23:50:55.070Z,37.5578333,-121.838,8.704,2.81,md,123,53,0.04324,0.14,nc,nc40200469,2017-01-16T20:27:27.690Z,"San Francisco Bay area, California",earthquake,0.12,0.28,0.13,120,reviewed,nc,nc
2007-08-17T16:46:57.410Z,37.556,-121.8443333,7.647,2.55,md,113,50,0.03784,0.19,nc,nc40200459,2017-01-16T20:26:04.030Z,"San Francisco Bay area, California",earthquake,0.15,0.3,0.131,97,reviewed,nc,nc
2007-08-15T07:13:10.090Z,37.8035,-122.193,5.622,3.2,mw,155,24,,0.16,nc,nc40200362,2017-01-16T20:15:23.990Z,"San Francisco Bay area, California",earthquake,0.11,0.25,,4,reviewed,nc,nc
2007-07-20T11:42:22.360Z,37.804,-122.193,5.262,4.2,mw,150,16,0.02613,0.16,nc,nc40199209,2017-03-17T20:02:46.928Z,"San Francisco Bay area, California",earthquake,0.12,0.26,,6,reviewed,nc,nc
2007-06-28T00:11:43.630Z,36.9396667,-121.6801667,11.426,2.92,md,68,55,0.01712,0.07,nc,nc51183567,2017-01-16T16:19:34.180Z,"Northern California",earthquake,0.13,0.25,0.116,72,reviewed,nc,nc
2007-06-28T00:02:18.940Z,36.9385,-121.6858333,12.076,3.1,ml,96,56,0.02072,0.1,nc,nc51183564,2017-01-16T16:19:12.550Z,"Northern California",earthquake,0.14,0.29,0.179,9,reviewed,nc,nc
2007-06-27T23:58:42.370Z,36.9395,-121.6846667,11.786,2.96,ml,79,56,0.01982,0.09,nc,nc51183561,2017-01-16T16:18:52.950Z,"Northern California",earthquake,0.16,0.33,0.05,13,reviewed,nc,nc
2007-06-27T23:49:15.250Z,37.3478333,-121.7111667,8.027,2.56,md,112,39,0.05225,0.09,nc,nc51183559,2017-01-16T16:18:39.200Z,"Northern California",earthquake,0.1,0.26,0.145,87,reviewed,nc,nc
2007-06-18T16:13:50.600Z,37.4563333,-121.7771667,6.776,2.52,md,110,61,0.01982,0.08,nc,nc51183245,2017-01-16T15:33:06.700Z,"San Francisco Bay area, California",earthquake,0.09,0.28,0.154,83,reviewed,nc,nc
2007-06-03T22:05:08.100Z,37.2116667,-122.1116667,11.87,2.68,md,91,64,0.04775,0.11,nc,nc51182557,2017-01-16T13:56:35.800Z,"Northern California",earthquake,0.15,0.3,0.11,107,reviewed,nc,nc
2007-05-28T03:46:52.530Z,37.7793333,-122.1655,7.946,2.82,md,146,18,0.009009,0.15,nc,nc51182324,2017-01-16T13:27:39.120Z,"San Francisco Bay area, California",earthquake,0.1,0.22,0.11,134,reviewed,nc,nc
2007-05-20T23:10:19.540Z,37.364,-121.727,6.358,3.5,mw,114,35,0.03423,0.09,nc,nc51182114,2017-03-17T20:35:47.772Z,"San Francisco Bay area, California",earthquake,0.09,0.23,,5,reviewed,nc,nc
2007-05-13T02:16:06.280Z,37.2576667,-121.6401667,5.146,3.03,ml,134,50,0.08378,0.11,nc,nc51181849,2017-01-16T12:26:42.040Z,"Northern California",earthquake,0.09,0.3,0.118,24,reviewed,nc,nc
